TestA,TestB
1,1
2,3
3,4
4,5
6,6
7,7
8,8
9,9
11,10
12,11
14,12
15,13
16,16
17,21
18,22
19,24
20,25
23,26
26,28
27,29
29,30
30,33
31,34
32,37
35,38
36,40
39,41
46,42
48,43
49,44
50,45
51,46
52,47
53,48
54,52
58,54
59,55
60,56
63,57
64,60
65,61
69,62
70,63
73,64
75,66
76,67
77,68
78,69
81,71
83,72
84,73
85,74
89,75
93,76
94,79
95,80
96,81
97,82
98,83
99,84
101,86
104,87
105,88
106,90
107,91
109,92
111,98
112,100
113,101
114,102
115,103
116,105
117,108
118,109
119,110
120,111
122,112
124,113
125,115
126,118
128,119
132,121
134,122
135,123
137,127
138,129
139,130
142,131
143,133
145,134
146,135
147,136
149,137
152,139
154,140
155,141
156,144
157,145
159,146
160,147
161,148
162,149
166,150
167,151
169,152
173,153
174,155
177,156
178,158
180,159
182,163
184,164
185,165
186,168
189,170
193,171
194,172
195,175
197,176
198,178
201,179
202,181
203,182
206,183
207,184
208,185
210,186
211,187
212,188
215,189
216,190
218,191
219,192
220,194
221,195
224,196
226,197
227,198
230,199
232,200
234,202
235,203
236,204
238,205
239,206
240,207
243,209
245,211
248,213
250,214
252,215
253,217
254,218
256,222
257,223
258,225
260,226
261,228
262,229
263,230
267,231
268,233
269,237
271,241
272,242
274,244
275,245
276,246
277,247
278,249
280,251
281,253
282,255
283,258
284,259
287,261
288,262
291,263
292,264
294,265
295,266
296,267
298,270
299,272
300,273
301,275
302,277
303,279
305,281
308,283
309,285
310,286
311,288
314,289
316,290
317,293
318,296
319,297
320,301
322,302
323,303
324,304
325,305
326,306
327,307
328,311
329,312
332,313
333,315
335,316
336,317
337,319
338,321
339,325
340,326
342,330
344,331
347,333
350,334
351,336
353,338
354,339
355,341
356,342
358,343
362,344
363,345
364,346
365,347
366,348
368,349
369,350
370,352
371,356
373,357
375,359
376,360
377,361
378,362
379,365
381,366
382,367
385,368
387,370
388,372
389,374
391,376
392,378
393,380
394,382
396,383
397,384
398,385
399,386
401,387
402,389
404,390
408,391
409,393
410,394
412,395
413,397
415,400
416,403
418,404
419,405
420,406
421,407
422,408
424,409
427,410
428,411
434,414
435,415
438,416
439,417
440,420
442,423
443,425
447,426
448,429
450,430
451,431
452,432
453,433
454,434
455,435
458,436
460,437
461,438
462,441
463,444
465,445
466,446
467,448
469,449
470,450
471,454
472,455
473,456
474,457
475,459
476,461
478,463
479,464
480,465
482,466
484,468
486,469
487,470
488,475
489,476
490,477
492,478
497,480
500,481
501,483
502,484
503,485
504,487
507,489
509,491
512,493
513,494
514,495
515,496
516,498
517,499
518,500
519,502
522,503
523,505
525,506
526,507
527,508
529,510
530,511
531,513
532,514
533,515
534,516
535,517
538,518
539,520
541,521
542,522
544,524
546,528
549,529
551,530
552,531
554,533
556,534
557,535
558,536
559,537
560,540
562,542
563,543
564,545
566,546
570,547
572,548
573,550
575,552
576,553
578,554
579,555
580,558
581,559
586,560
587,561
588,562
589,565
590,567
591,568
592,569
593,571
595,573
596,574
597,576
598,577
600,578
601,579
603,580
604,581
605,582
606,583
607,584
610,585
611,586
613,589
617,591
618,593
619,594
620,595
621,597
622,599
623,602
625,603
626,605
628,606
629,608
632,609
633,611
634,612
636,613
637,614
638,615
639,616
640,618
641,619
642,621
644,622
645,624
646,625
647,627
648,628
650,630
651,631
652,635
655,636
656,637
658,638
659,639
660,642
662,643
664,646
665,649
666,650
667,651
668,652
669,653
672,654
673,655
675,657
676,658
677,659
678,661
682,663
683,664
686,665
688,666
689,667
690,669
691,670
692,671
694,674
695,676
696,679
697,680
698,681
699,682
700,684
701,685
702,687
705,688
706,690
709,691
710,693
711,694
716,700
717,701
718,703
719,704
721,705
722,707
723,708
724,709
725,712
726,713
727,714
728,715
729,716
730,718
731,719
732,720
734,722
735,723
737,725
738,726
739,728
741,733
743,736
744,740
745,742
747,746
749,748
750,749
752,751
754,753
757,755
759,756
760,757
761,758
764,761
766,762
767,763
768,765
769,766
770,767
771,768
772,769
773,774
775,775
776,776
778,777
779,783
780,784
781,786
782,787
784,788
785,789
786,790
787,792
788,793
789,794
791,795
792,796
794,797
795,799
796,801
798,802
799,803
800,804
803,806
805,807
806,808
807,809
810,810
811,813
812,814
815,818
816,819
817,820
820,822
821,824
823,825
824,826
825,827
831,828
832,829
833,830
835,834
836,835
839,837
840,838
841,839
844,841
845,842
848,843
849,846
851,847
853,850
854,852
855,854
857,856
858,857
859,858
860,859
861,863
862,865
864,866
865,867
868,868
869,870
871,871
872,873
873,874
874,875
876,877
877,878
879,880
881,883
882,884
883,885
884,886
885,887
888,889
889,893
890,894
891,895
892,901
896,902
897,903
898,904
899,906
900,907
901,910
905,911
907,912
908,913
909,915
913,917
914,918
916,921
919,923
920,925
921,926
922,927
923,928
924,929
925,930
926,931
927,932
930,933
931,934
933,935
934,936
935,938
936,941
937,942
939,943
940,945
942,948
944,950
946,951
947,952
949,953
950,954
951,955
959,956
960,957
961,958
963,959
964,962
966,963
967,965
968,966
969,967
970,968
973,970
974,971
976,972
978,973
980,974
981,975
983,976
985,977
986,979
987,980
988,981
991,982
992,984
993,987
995,988
996,989
999,990
1001,991
1002,992
1003,994
1004,995
1005,997
1006,998
1007,1000
1008,1002
1009,1003
1010,1004
1012,1005
1013,1007
1014,1009
1015,1011
1017,1012
1018,1013
1019,1016
1020,1018
1021,1026
1022,1027
1023,1028
1024,1029
1025,1030
1026,1031
1031,1032
1032,1035
1033,1041
1034,1047
1036,1048
1037,1049
1038,1050
1039,1051
1040,1052
1042,1053
1043,1056
1044,1057
1045,1060
1046,1062
1048,1064
1049,1065
1050,1066
1051,1067
1052,1069
1053,1071
1054,1072
1055,1073
1058,1077
1059,1078
1060,1079
1061,1080
1063,1081
1064,1082
1067,1083
1068,1086
1070,1087
1071,1088
1074,1089
1075,1090
1076,1093
1079,1094
1081,1096
1084,1097
1085,1098
1087,1099
1088,1100
1090,1103
1091,1104
1092,1107
1093,1108
1094,1109
1095,1112
1096,1115
1099,1116
1101,1117
1102,1119
1105,1120
1106,1121
1109,1122
1110,1125
1111,1126
1113,1127
1114,1128
1116,1129
1118,1130
1119,1132
1121,1134
1122,1135
1123,1138
1124,1139
1125,1140
1126,1141
1127,1142
1129,1143
1131,1145
1132,1147
1133,1149
1136,1150
1137,1153
1143,1154
1144,1157
1146,1159
1148,1160
1149,1161
1150,1162
1151,1163
1152,1164
1153,1165
1155,1166
1156,1167
1158,1168
1159,1169
1161,1170
1163,1171
1165,1172
1166,1173
1167,1175
1169,1176
1171,1177
1172,1178
1173,1179
1174,1182
1177,1184
1178,1187
1180,1188
1181,1189
1183,1190
1185,1191
1186,1192
1190,1193
1192,1196
1194,1197
1195,1198
1196,1199
1198,1200
1199,1202
1201,1203
1202,1204
1203,1206
1205,1208
1207,1209
1209,1212
1210,1215
1211,1216
1213,1218
1214,1221
1216,1223
1217,1224
1218,1230
1219,1231
1220,1234
1222,1235
1223,1236
1225,1239
1226,1241
1227,1242
1228,1244
1229,1247
1230,1248
1231,1249
1232,1250
1233,1251
1234,1253
1235,1254
1237,1255
1238,1256
1240,1259
1241,1261
1242,1262
1243,1263
1244,1264
1245,1265
1246,1267
1247,1270
1251,1271
1252,1272
1257,1273
1258,1275
1260,1276
1261,1277
1262,1278
1266,1279
1268,1281
1269,1284
1272,1285
1274,1287
1275,1289
1276,1290
1278,1291
1280,1293
1282,1294
1283,1299
1286,1300
1287,1302
1288,1304
1289,1305
1292,1308
1293,1309
1295,1310
1296,1311
1297,1312
1298,1313
1299,1314
1300,1315
1301,1316
1302,1317
1303,1318
1305,1319
1306,1321
1307,1322
1314,1323
1317,1325
1318,1326
1319,1327
1320,1328
1321,1330
1324,1331
1327,1332
1329,1334
1330,1335
1333,1336
1334,1337
1335,1338
1336,1341
1339,1342
1340,1343
1343,1344
1344,1345
1346,1348
1347,1349
1348,1350
1349,1351
1350,1354
1352,1355
1353,1356
1354,1358
1355,1362
1357,1363
1358,1364
1359,1365
1360,1366
1361,1367
1365,1368
1368,1369
1371,1370
1372,1371
1374,1373
1375,1375
1377,1376
1380,1377
1381,1378
1382,1379
1385,1381
1386,1383
1387,1384
1388,1388
1389,1390
1390,1391
1394,1392
1396,1393
1397,1394
1398,1395
1399,1397
1400,1398
1401,1399
1403,1400
1404,1401
1405,1402
1406,1406
1407,1407
1408,1408
1409,1409
1410,1413
1411,1414
1412,1415
1417,1416
1418,1417
1419,1425
1420,1426
1421,1428
1422,1430
1423,1431
1424,1433
1427,1437
1429,1439
1430,1441
1431,1442
1432,1445
1433,1447
1434,1449
1435,1450
1436,1451
1438,1452
1439,1454
1440,1457
1441,1458
1443,1459
1444,1460
1446,1461
1448,1462
1449,1463
1450,1465
1453,1466
1454,1468
1455,1469
1456,1471
1458,1472
1461,1473
1462,1474
1464,1475
1467,1476
1468,1477
1469,1478
1470,1479
1473,1481
1474,1483
1475,1484
1476,1486
1478,1488
1480,1491
1482,1493
1484,1495
1485,1496
1487,1497
1488,1499
1489,1500
1490,1501
1491,1504
1492,1505
1494,1508
1498,1511
1499,1512
1502,1513
1503,1515
1504,1516
1505,1517
1506,1518
1507,1519
1509,1520
1510,1522
1511,1524
1514,1525
1516,1527
1517,1528
1520,1529
1521,1530
1522,1531
1523,1532
1524,1533
1525,1534
1526,1535
1527,1536
1530,1537
1533,1539
1536,1540
1537,1541
1538,1544
1539,1545
1540,1546
1541,1549
1542,1550
1543,1552
1546,1553
1547,1554
1548,1555
1549,1557
1551,1558
1552,1562
1553,1563
1556,1566
1557,1569
1558,1571
1559,1572
1560,1574
1561,1575
1562,1577
1564,1579
1565,1580
1566,1581
1567,1583
1568,1584
1569,1585
1570,1586
1571,1588
1573,1589
1574,1590
1576,1591
1577,1594
1578,1595
1579,1598
1582,1599
1584,1600
1586,1603
1587,1604
1589,1605
1590,1607
1592,1609
1593,1610
1596,1611
1597,1612
1601,1613
1602,1619
1603,1621
1604,1623
1606,1624
1607,1625
1608,1626
1609,1627
1611,1629
1614,1631
1615,1632
1616,1634
1617,1635
1618,1636
1620,1638
1622,1642
1623,1644
1624,1646
1627,1647
1628,1651
1630,1652
1632,1653
1633,1654
1634,1655
1637,1657
1638,1659
1639,1661
1640,1664
1641,1665
1642,1666
1643,1667
1645,1669
1646,1671
1647,1672
1648,1675
1649,1677
1650,1679
1652,1680
1653,1681
1654,1682
1656,1683
1658,1684
1660,1685
1662,1686
1663,1687
1668,1688
1670,1689
1673,1692
1674,1693
1675,1694
1676,1695
1678,1696
1679,1697
1680,1698
1682,1701
1684,1702
1685,1703
1688,1704
1690,1705
1691,1706
1692,1707
1694,1708
1695,1709
1696,1710
1698,1711
1699,1712
1700,1713
1703,1715
1704,1716
1706,1717
1707,1718
1709,1719
1710,1720
1711,1721
1714,1724
1719,1726
1720,1728
1722,1730
1723,1731
1725,1733
1727,1734
1729,1735
1730,1736
1731,1738
1732,1739
1733,1740
1734,1741
1735,1742
1737,1743
1738,1744
1739,1746
1741,1748
1745,1749
1746,1750
1747,1751
1748,1753
1750,1754
1751,1756
1752,1757
1755,1758
1756,1759
1757,1760
1759,1761
1762,1765
1763,1767
1764,1768
1765,1769
1766,1770
1770,1771
1773,1772
1774,1776
1775,1777
1777,1778
1778,1781
1779,1782
1780,1783
1782,1784
1783,1785
1784,1787
1785,1788
1786,1791
1789,1792
1790,1793
1792,1795
1794,1796
1797,1798
1799,1800
1801,1803
1802,1804
1803,1807
1804,1811
1805,1812
1806,1815
1808,1816
1809,1818
1810,1819
1813,1820
1814,1821
1815,1824
1817,1825
1818,1828
1821,1829
1822,1830
1823,1831
1825,1832
1826,1833
1827,1834
1831,1835
1838,1836
1840,1837
1842,1839
1844,1840
1846,1841
1849,1843
1850,1844
1851,1845
1853,1846
1855,1847
1856,1848
1858,1849
1859,1851
1861,1852
1863,1854
1865,1857
1866,1858
1867,1859
1868,1860
1870,1862
1871,1863
1872,1864
1873,1869
1875,1870
1876,1872
1877,1874
1878,1880
1879,1881
1882,1882
1884,1883
1885,1884
1887,1886
1888,1887
1891,1888
1892,1889
1893,1890
1895,1893
1896,1894
1898,1895
1899,1897
1901,1900
1904,1902
1905,1903
1909,1905
1910,1906
1912,1907
1913,1908
1914,1909
1915,1911
1917,1912
1918,1913
1919,1914
1920,1915
1921,1916
1922,1919
1923,1921
1925,1924
1926,1926
1929,1927
1930,1928
1932,1930
1933,1931
1935,1932
1936,1933
1938,1934
1939,1936
1940,1937
1941,1940
1943,1941
1944,1942
1948,1944
1949,1945
1950,1946
1953,1947
1954,1951
1955,1952
1960,1953
1961,1955
1963,1956
1964,1957
1965,1958
1967,1959
1968,1960
1970,1961
1971,1962
1972,1963
1975,1964
1976,1966
1977,1967
1978,1968
1980,1969
1981,1971
1985,1972
1986,1973
1987,1974
1988,1975
1989,1978
1990,1979
1992,1981
1993,1982
1994,1983
1999,1984
2000,1991
2004,1994
2005,1995
2006,1996
2008,1997
2010,1998
2011,1999
2012,2000
2014,2001
2015,2002
2016,2003
2017,2004
2019,2007
2020,2009
2021,2010
2023,2012
2025,2013
2026,2015
2031,2016
2032,2018
2033,2019
2035,2021
2036,2022
2037,2023
2038,2024
2039,2027
2040,2028
2042,2029
2043,2030
2044,2033
2045,2034
2048,2035
2049,2036
2050,2037
2056,2041
2057,2044
2058,2046
2059,2047
2060,2048
2062,2049
2066,2050
2067,2051
2069,2052
2072,2053
2073,2054
2074,2055
2077,2061
2081,2063
2082,2064
2083,2065
2084,2066
2085,2068
2087,2070
2091,2071
2092,2073
2093,2075
2095,2076
2097,2077
2098,2078
2099,2079
2102,2080
2103,2081
2104,2084
2105,2086
2107,2087
2109,2088
2111,2089
2113,2090
2114,2092
2115,2093
2117,2094
2119,2095
2122,2096
2124,2097
2125,2099
2126,2100
2127,2101
2128,2104
2129,2105
2131,2106
2132,2107
2133,2108
2134,2109
2135,2110
2136,2112
2137,2113
2139,2114
2141,2115
2143,2116
2148,2118
2150,2119
2151,2120
2152,2121
2154,2123
2155,2125
2156,2127
2157,2128
2160,2129
2161,2130
2162,2132
2163,2133
2167,2136
2168,2138
2169,2139
2170,2140
2172,2142
2175,2143
2177,2144
2181,2145
2182,2146
2183,2147
2184,2149
2185,2152
2186,2153
2188,2154
2191,2157
2195,2158
2199,2159
2200,2160
2203,2164
2204,2165
2207,2166
2208,2170
2210,2171
2211,2173
2212,2174
2214,2175
2216,2176
2218,2178
2219,2179
2220,2180
2221,2181
2222,2184
2224,2186
2225,2187
2226,2189
2228,2190
2230,2191
2231,2192
2232,2193
2233,2194
2234,2196
2235,2197
2236,2198
2237,2199
2239,2200
2240,2201
2241,2202
2242,2203
2243,2205
2245,2206
2246,2207
2247,2209
2248,2210
2249,2211
2251,2212
2253,2213
2254,2215
2255,2217
2257,2220
2259,2223
2261,2225
2262,2227
2263,2229
2265,2233
2266,2234
2267,2236
2268,2238
2269,2239
2270,2240
2273,2241
2274,2242
2275,2244
2276,2245
2277,2248
2279,2249
2280,2250
2282,2251
2283,2252
2284,2253
2285,2255
2289,2256
2290,2257
2292,2258
2296,2260
2297,2264
2298,2267
2299,2269
2300,2270
2303,2271
2304,2272
2305,2275
2308,2276
2309,2277
2310,2278
2311,2280
2313,2281
2314,2285
2315,2286
2316,2287
2317,2288
2318,2291
2319,2293
2320,2294
2321,2295
2323,2297
2325,2298
2327,2300
2329,2301
2331,2302
2333,2306
2337,2307
2338,2309
2340,2312
2343,2314
2344,2322
2346,2324
2349,2325
2351,2326
2353,2328
2354,2329
2355,2330
2356,2332
2357,2334
2359,2335
2361,2336
2362,2337
2363,2338
2364,2339
2365,2340
2366,2341
2371,2342
2373,2343
2374,2344
2375,2345
2377,2347
2378,2348
2380,2350
2383,2352
2385,2353
2386,2354
2387,2357
2389,2358
2393,2360
2394,2361
2395,2362
2398,2366
2400,2367
2401,2368
2402,2369
2406,2370
2407,2372
2410,2373
2413,2376
2414,2377
2415,2379
2416,2381
2419,2382
2420,2384
2421,2385
2422,2388
2424,2390
2427,2391
2428,2392
2429,2394
2430,2396
2432,2397
2433,2398
2434,2399
2435,2400
2436,2402
2437,2403
2438,2404
2439,2405
2440,2408
2441,2409
2443,2410
2444,2411
2445,2412
2446,2413
2447,2417
2448,2418
2449,2419
2450,2422
2451,2423
2453,2424
2454,2425
2456,2426
2457,2427
2459,2428
2460,2429
2461,2430
2462,2431
2465,2433
2466,2434
2468,2435
2470,2437
2471,2439
2472,2442
2475,2446
2477,2447
2478,2449
2481,2450
2482,2451
2483,2452
2485,2454
2486,2455
2487,2456
2488,2457
2489,2458
2490,2460
2492,2462
2493,2463
2497,2464
2498,2466
2503,2467
2504,2469
2506,2471
2508,2473
2511,2474
2512,2475
2514,2476
2515,2477
2516,2479
2518,2480
2519,2481
2522,2482
2523,2483
2524,2484
2526,2486
2527,2487
2528,2488
2529,2491
2533,2493
2536,2494
2537,2495
2539,2496
2540,2497
2541,2499
2542,2500
2543,2501
2544,2502
2545,2503
2546,2505
2547,2506
2548,2507
2549,2509
2550,2510
2551,2512
2552,2513
2555,2514
2556,2515
2560,2516
2561,2517
2565,2520
2567,2521
2568,2523
2570,2525
2571,2528
2572,2530
2573,2531
2574,2532
2575,2534
2577,2535
2578,2537
2580,2538
2581,2539
2583,2541
2585,2542
2586,2548
2587,2549
2588,2550
2589,2551
2592,2552
2593,2553
2595,2554
2596,2555
2598,2557
2599,2558
2600,2559
2601,2561
2602,2562
2603,2563
2605,2564
2607,2566
2610,2567
2611,2569
2612,2570
2613,2571
2615,2573
2620,2575
2621,2576
2623,2579
2624,2580
2625,2582
2626,2583
2629,2584
2630,2587
2631,2588
2632,2590
2633,2591
2636,2592
2637,2593
2638,2594
2639,2595
2641,2596
2642,2597
2643,2599
2644,2602
2647,2604
2649,2605
2651,2606
2652,2608
2653,2609
2654,2613
2655,2614
2659,2616
2660,2617
2661,2618
2662,2619
2663,2621
2665,2622
2666,2624
2667,2625
2668,2626
2670,2627
2671,2628
2672,2631
2673,2634
2674,2635
2675,2636
2677,2639
2678,2640
2681,2641
2682,2642
2684,2645
2685,2646
2686,2647
2687,2648
2688,2649
2689,2650
2691,2651
2692,2652
2694,2653
2695,2655
2697,2656
2698,2657
2702,2658
2704,2662
2706,2664
2707,2667
2709,2668
2710,2669
2711,2670
2712,2673
2714,2676
2716,2679
2717,2680
2718,2682
2720,2683
2721,2684
2724,2685
2725,2687
2726,2689
2728,2690
2729,2691
2730,2693
2731,2694
2733,2696
2734,2699
2736,2700
2737,2701
2738,2703
2741,2705
2742,2708
2743,2711
2744,2712
2745,2713
2746,2714
2747,2715
2748,2716
2749,2718
2750,2719
2751,2720
2752,2722
2753,2723
2754,2726
2757,2727
2760,2729
2761,2730
2762,2732
2763,2733
2764,2735
2767,2736
2768,2739
2774,2740
2775,2741
2778,2743
2779,2744
2780,2745
2782,2751
2783,2753
2784,2755
2785,2756
2787,2758
2788,2759
2789,2760
2790,2762
2792,2765
2793,2766
2794,2768
2795,2769
2799,2770
2800,2771
2802,2772
2803,2773
2807,2776
2809,2777
2810,2778
2812,2779
2813,2780
2815,2781
2816,2783
2817,2784
2818,2785
2819,2786
2820,2789
2822,2791
2825,2796
2826,2797
2827,2798
2832,2799
2834,2800
2837,2801
2838,2803
2843,2804
2844,2805
2846,2806
2848,2808
2849,2809
2851,2811
2853,2813
2854,2814
2856,2818
2857,2819
2858,2821
2859,2823
2860,2824
2861,2825
2862,2826
2863,2827
2864,2828
2865,2829
2866,2830
2867,2831
2868,2833
2870,2834
2871,2835
2872,2836
2873,2837
2875,2839
2876,2840
2879,2841
2881,2842
2882,2845
2883,2846
2884,2847
2885,2848
2888,2850
2889,2851
2890,2852
2891,2855
2892,2857
2895,2861
2896,2864
2897,2865
2898,2867
2900,2869
2901,2870
2904,2871
2907,2874
2909,2877
2910,2878
2911,2879
2916,2880
2917,2881
2918,2882
2921,2884
2922,2885
2925,2886
2931,2887
2933,2890
2934,2893
2935,2894
2936,2896
2938,2899
2939,2901
2942,2902
2944,2903
2945,2904
2946,2905
2947,2906
2949,2908
2951,2910
2952,2912
2955,2913
2961,2914
2963,2915
2965,2916
2966,2917
2969,2918
2970,2919
2971,2920
2972,2921
2977,2923
2979,2924
2980,2926
2981,2927
2982,2928
2983,2929
2984,2930
2986,2932
2987,2933
2989,2936
2991,2937
2992,2940
2993,2941
2994,2943
2997,2944
2998,2947
2999,2948
3002,2949
3003,2950
3005,2951
3006,2952
3007,2953
3008,2954
3009,2955
3012,2956
3013,2957
3015,2958
3016,2959
3017,2960
3019,2962
3020,2963
3021,2964
3022,2965
3024,2966
3025,2967
3026,2968
3027,2969
3029,2970
3030,2971
3032,2973
3033,2974
3034,2975
3035,2976
3037,2978
3038,2984
3039,2985
3040,2987
3041,2988
3043,2990
3046,2991
3047,2993
3049,2995
3052,2996
3055,2997
3057,2998
3060,3000
3061,3001
3062,3003
3063,3004
3064,3005
3066,3006
3069,3008
3070,3009
3072,3010
3073,3011
3076,3012
3078,3013
3079,3014
3080,3017
3081,3018
3083,3022
3084,3023
3086,3028
3087,3030
3088,3031
3089,3032
3093,3033
3094,3034
3096,3036
3098,3037
3099,3038
3100,3042
3102,3044
3103,3045
3107,3048
3108,3049
3109,3050
3110,3051
3111,3052
3112,3053
3114,3054
3115,3056
3117,3058
3118,3059
3120,3061
3121,3062
3122,3065
3125,3066
3126,3067
3127,3068
3128,3069
3129,3071
3130,3072
3132,3073
3133,3074
3135,3075
3138,3077
3141,3079
3143,3080
3146,3082
3149,3084
3152,3085
3153,3088
3154,3089
3156,3090
,3091
,3092
,3095
,3096
,3097
,3101
,3103
,3104
,3105
,3106
,3107
,3108
,3111
,3113
,3114
,3115
,3116
,3119
,3122
,3123
,3124
,3125
,3131
,3134
,3136
,3137
,3139
,3140
,3142
,3144
,3145
,3147
,3148
,3149
,3150
,3151
,3152
,3153
,3155
